empNo,firstName,lastName,department,phone
1001,Tamesha,Cornish,Sales,+421-322-934-084
1002,Cyrus,Ressler,Business Development,+421-493-269-446
1003,Penny,Stiller,Training,+421-815-109-543
1004,Nathanial,Cathcart,Strategy - Planning,+421-972-426-977
1005,Wilda,Lomax,Inventory,+421-563-461-844
1006,Max,Blythe,Design,+421-239-204-289
1007,Tawny,Elie,Professional Services,+421-825-039-341
1008,Danny,Marsden,Training,+421-804-837-830
1009,Leanna,Forney,Logistics,+421-525-488-990
1010,Mariano,Sheley,Marketing,+421-185-296-516
1011,Marianela,Reeves,Human Resources,+421-206-896-659
1012,Rosario,Shanahan,Professional Services,+421-658-873-201
1013,Griselda,Leming,Finance,+421-817-886-557
1014,Antonio,Frances,Customer Service,+421-996-422-036
1015,Mozelle,Attaway,Strategy - Planning,+421-614-840-632
1016,Ben,Vandegrift,Purchasing,+421-195-709-365
1017,Dorian,Tannehill,Accounting,+421-417-599-740
1018,Judson,Quach,Quality Assurance,+421-477-780-908
1019,Alyse,Cusick,Information Technology,+421-192-127-838
1020,Mose,Stimpson,Inventory,+421-596-927-280
1021,Tora,Jenning,Administration,+421-848-237-754
1022,Heath,Lavoie,Business Development,+421-903-276-687
1023,Florance,Arnett,Professional Services,+421-554-897-424
1024,Orval,Ho,Marketing,+421-780-842-468
1025,Jetta,Necaise,Accounting,+421-420-395-328
1026,Jeromy,Gerald,Warehouse,+421-603-543-248
1027,Marsha,Escobedo,Logistics,+421-829-387-763
1028,Timmy,Kifer,Training,+421-228-377-712
1029,Vertie,Lam,Support Services,+421-218-825-807
1030,Lincoln,Porath,Information Technology,+421-495-748-208
1031,Rachele,Wunsch,Supply Chain,+421-977-204-095
1032,Alexander,Mcnichols,Engineering,+421-485-482-530
1033,Carline,Moak,Manufacturing,+421-128-151-261
1034,Chad,Silveira,Engineering,+421-496-783-943
1035,Marquita,Robins,Customer Service,+421-476-118-286
1036,Dirk,Meunier,Human Resources,+421-504-580-648
1037,Barbra,Larocque,Professional Services,+421-868-862-656
1038,Sidney,Theriault,Business Development,+421-146-931-128
1039,Mila,Crespo,Logistics,+421-406-147-738
1040,Merlin,Germany,Human Resources,+421-439-441-120
1041,Rosette,Saenz,Finance,+421-461-091-537
1042,Lou,Fredericks,Sales,+421-495-746-144
1043,Isadora,Tokarz,Purchasing,+421-781-073-090
1044,Ronny,Whitehorn,Accounting,+421-792-453-134
1045,Enid,Knuckles,Engineering,+421-619-677-929
1046,James,Brinegar,Support Services,+421-134-616-861
1047,Lannie,Wachter,Legal,+421-937-823-436
1048,Andres,Tomberlin,Training,+421-936-270-117
1049,Elinore,Mcinerney,Purchasing,+421-370-298-429
1050,Mose,Parton,Business Development,+421-896-124-810
1051,Phillis,Jester,Logistics,+421-610-749-851
1052,Terry,Aldrich,Purchasing,+421-147-746-715
1053,Season,Allaire,Design,+421-378-134-867
1054,Cortez,Croy,Training,+421-572-767-104
1055,Halina,Ogrady,Training,+421-936-169-385
1056,Erin,Barroso,Training,+421-433-373-504
1057,Lovie,Villalon,Engineering,+421-679-501-973
1058,Lupe,Grosse,Training,+421-866-667-677
1059,Jeneva,Buttrey,Professional Services,+421-501-869-252
1060,Kerry,Aguon,Strategy - Planning,+421-518-601-286
1061,Shaunta,Willard,Human Resources,+421-653-180-420
1062,Jarrod,Mckellar,Customer Service,+421-194-078-112
1063,Christal,Casados,Support Services,+421-348-531-515
1064,Noble,Overlock,Strategy - Planning,+421-979-509-289
1065,Ria,Bergeron,Purchasing,+421-667-261-526
1066,Gerardo,Noggle,Customer Service,+421-592-742-569
1067,Jolanda,Villanveva,Warehouse,+421-236-330-705
1068,Gene,Degarmo,Quality Assurance,+421-342-480-350
1069,Charleen,Chafin,Sales,+421-695-840-439
1070,Prince,Mateer,Engineering,+421-998-683-196
1071,Cinda,Sherrell,Customer Service,+421-256-534-895
1072,Jesus,Stallard,Training,+421-469-531-286
1073,Delphine,Goff,Product Management,+421-638-996-241
1074,Agustin,Swigert,Purchasing,+421-646-976-493
1075,Jadwiga,Brafford,Manufacturing,+421-959-444-533
1076,Elbert,Boden,Product Management,+421-545-659-299
1077,Dell,Linsey,Support Services,+421-943-676-055
1078,Rudy,Flinn,Supply Chain,+421-644-362-916
1079,Tori,Braunstein,Finance,+421-815-108-873
1080,Kory,Zambrano,Purchasing,+421-415-052-641
1081,Slyvia,Shorey,Customer Service,+421-972-859-140
1082,Colton,Schwartz,Manufacturing,+421-516-920-025
1083,Susan,Friedel,Logistics,+421-204-279-364
1084,Carlton,Bowser,Warehouse,+421-745-424-485
1085,Luanne,Renninger,Information Technology,+421-562-721-415
1086,Vernon,Hester,Information Technology,+421-418-178-919
1087,Veta,Bradwell,Administration,+421-213-775-042
1088,Joseph,Selvidge,Information Technology,+421-172-246-160
1089,Lynetta,Salzman,Business Development,+421-679-044-249
1090,Julian,Blair,Design,+421-249-892-372
1091,Keila,Moore,Business Development,+421-365-442-889
1092,Keneth,Eberhart,Support Services,+421-562-924-363
1093,Denny,Sherrer,Management,+421-210-496-836
1094,Alberto,Lough,Purchasing,+421-530-097-877
1095,Isabelle,Tyndall,Manufacturing,+421-106-928-904
1096,Judson,Schiffman,Information Technology,+421-144-279-938
1097,Evelynn,Hatfield,Research & Development,+421-408-016-668
1098,Merrill,Knowlton,Product Management,+421-905-888-261
1099,Keri,Goin,Research & Development,+421-444-193-504
1100,Benton,Abshire,Professional Services,+421-431-942-372
1101,Dann,Prill,Training,+421-883-012-336
1102,Leo,Carranza,Inventory,+421-198-818-094
1103,Alison,Stull,Administration,+421-224-040-981
1104,Irving,Priolo,Human Resources,+421-602-651-824
1105,Alida,Urso,Strategy - Planning,+421-686-105-169
1106,Bryce,Flaugher,Customer Service,+421-930-034-965
1107,Laraine,Occhipinti,Inventory,+421-332-219-589
1108,Norris,Friesen,Engineering,+421-992-362-976
1109,Gudrun,Fritz,Research & Development,+421-613-397-296
1110,Booker,Sobel,Manufacturing,+421-230-213-424
1111,Kenya,Marcello,Accounting,+421-889-465-166
1112,Robert,Durazo,Management,+421-629-241-593
1113,Georgia,Wagaman,Training,+421-788-432-810
1114,Erich,Colley,Strategy - Planning,+421-157-153-346
1115,Kena,Rowell,Design,+421-350-787-154
1116,Tristan,Callihan,Finance,+421-393-591-031
1117,Catherin,Marco,Finance,+421-171-781-870
1118,Carmelo,Hulings,Supply Chain,+421-281-518-372
1119,Willene,Fortune,Human Resources,+421-678-477-036
1120,Reyes,Pearman,Warehouse,+421-126-622-987
1121,Stepanie,Jaggers,Professional Services,+421-594-207-252
1122,Chauncey,Gallimore,Administration,+421-841-448-108
1123,Alaine,Ketcham,Inventory,+421-500-251-923
1124,Lucien,Xiong,Accounting,+421-365-713-768
1125,Vina,Rutt,Supply Chain,+421-157-966-710
1126,Sanford,Corwin,Support Services,+421-275-747-232
1127,Aurea,Courson,Supply Chain,+421-147-388-589
1128,Carter,Santistevan,Sales,+421-715-255-728
1129,Tanika,Beltz,Marketing,+421-127-656-714
1130,Hal,Goulet,Support Services,+421-350-358-995
1131,Kimbery,Hinkle,Training,+421-335-675-988
1132,Curt,Kanter,Quality Assurance,+421-571-814-570
1133,Verlie,Lacoste,Support Services,+421-657-016-100
1134,Pasquale,Mcgarvey,Product Management,+421-911-946-397
1135,Brittney,Bagwell,Management,+421-929-689-468
1136,Keven,Pick,Quality Assurance,+421-697-090-629
1137,Justine,Bennett,Engineering,+421-483-307-255
1138,Elvin,Gillison,Logistics,+421-550-473-974
1139,Shonta,Layne,Human Resources,+421-597-813-153
1140,Jarvis,Thrower,Research & Development,+421-555-140-525
1141,Santina,Mosby,Finance,+421-788-903-651
1142,Roman,Kimberly,Accounting,+421-925-504-314
1143,Laureen,Godina,Information Technology,+421-654-693-827
1144,Sung,Kegler,Customer Service,+421-958-228-596
1145,Jayme,Kraft,Customer Service,+421-713-747-815
1146,Ezekiel,Toler,Product Management,+421-975-709-556
1147,Lory,Dolloff,Design,+421-555-483-004
1148,Malcom,Marti,Product Management,+421-532-336-880
1149,Marti,Gerhardt,Marketing,+421-414-450-239
1150,Daren,Hobgood,Logistics,+421-348-394-126
1151,Aja,Bernhardt,Research & Development,+421-726-626-471
1152,James,Chesney,Inventory,+421-379-643-042
1153,Troy,Landwehr,Professional Services,+421-833-904-421
1154,Stanton,Finch,Training,+421-438-033-150
1155,Harriett,Hayashi,Professional Services,+421-767-390-986
1156,Amos,Piazza,Marketing,+421-182-032-324
1157,Karoline,Kee,Supply Chain,+421-549-908-051
1158,Thad,Bloomfield,Product Management,+421-104-206-113
1159,Krysta,Borum,Manufacturing,+421-249-120-379
1160,Bo,Washam,Supply Chain,+421-682-621-265
1161,Cherri,Mooneyham,Sales,+421-667-749-622
1162,Zachery,Stegner,Purchasing,+421-923-785-562
1163,Johnsie,Suitt,Marketing,+421-430-104-757
1164,Micah,Corbett,Marketing,+421-365-313-039
1165,Melina,Brunetti,Sales,+421-741-726-291
1166,Ali,Delay,Engineering,+421-897-058-371
1167,Sasha,Kail,Administration,+421-985-650-979
1168,Len,Just,Engineering,+421-623-438-726
1169,Sanjuanita,Domino,Professional Services,+421-497-515-835
1170,Alfonso,Serio,Finance,+421-619-235-192
1171,Dianne,Chin,Research & Development,+421-954-650-234
1172,Erasmo,Curtin,Training,+421-800-984-633
1173,Kimber,Politte,Inventory,+421-981-217-010
1174,Scotty,Mazur,Sales,+421-197-978-802
1175,Mafalda,Sedlacek,Manufacturing,+421-387-080-034
1176,Rey,Krall,Administration,+421-138-309-491
1177,Bula,Rubino,Marketing,+421-380-107-898
1178,Stephan,Shaffer,Management,+421-453-406-304
1179,Dallas,Prickett,Design,+421-572-822-163
1180,Hector,Harbour,Logistics,+421-822-348-065
1181,Mirta,Toliver,Marketing,+421-566-528-547
1182,Josef,Croyle,Professional Services,+421-180-254-910
1183,Felisha,Noles,Marketing,+421-430-526-987
1184,Neal,Herdon,Quality Assurance,+421-906-159-005
1185,Naoma,Thacker,Sales,+421-615-918-813
1186,Antone,Clay,Finance,+421-535-037-065
1187,Albertine,Mahaney,Support Services,+421-630-685-301
1188,Deangelo,Nemec,Purchasing,+421-590-753-272
1189,Zaida,Clingman,Logistics,+421-827-395-171
1190,Frederick,Auzenne,Finance,+421-762-849-288
1191,Cori,Tonn,Business Development,+421-322-051-738
1192,Florencio,Moll,Information Technology,+421-146-025-101
1193,Gricelda,Meunier,Management,+421-533-183-144
1194,Claudio,Garr,Human Resources,+421-538-240-963
1195,Kathrine,Gehring,Human Resources,+421-381-440-739
1196,Omer,Dittmer,Inventory,+421-334-805-404
1197,Justa,Harder,Product Management,+421-662-069-332
1198,Forrest,Mccall,Marketing,+421-839-522-533
1199,Amber,Railey,Strategy - Planning,+421-637-049-811
1200,Waylon,Paugh,Strategy - Planning,+421-755-825-019
1201,Amalia,Sweeny,Management,+421-690-559-071
1202,Dwight,Sabin,Accounting,+421-425-162-220
1203,Amy,Byrnes,Inventory,+421-487-338-496
1204,Steve,Fries,Product Management,+421-187-166-125
1205,Willie,Sebastian,Inventory,+421-840-701-434
1206,Quinn,Wilk,Administration,+421-737-397-831
1207,Alida,Garett,Design,+421-960-827-193
1208,Jeremiah,Rojas,Support Services,+421-228-292-549
1209,Odilia,Reich,Engineering,+421-865-135-068
1210,Myles,Gibbon,Professional Services,+421-359-570-718
1211,Diane,Maravilla,Strategy - Planning,+421-800-476-471
1212,Bradly,Matsumura,Information Technology,+421-974-745-042
1213,Zada,Ito,Logistics,+421-220-815-226
1214,Dominick,Reinke,Management,+421-869-482-180
1215,Kymberly,Jaggers,Administration,+421-746-001-559
1216,Ambrose,Meli,Training,+421-251-408-859
1217,Thomasina,Searcy,Support Services,+421-386-609-988
1218,Julius,Stapp,Information Technology,+421-565-678-622
1219,Dionne,Lord,Research & Development,+421-820-742-341
1220,Alonzo,Preciado,Logistics,+421-221-228-467
1221,Theda,Bolick,Business Development,+421-934-380-181
1222,Lavern,Trautman,Administration,+421-969-020-668
1223,Zita,Blakely,Information Technology,+421-570-356-521
1224,Giuseppe,Luck,Purchasing,+421-618-347-230
1225,Elisha,Lafond,Logistics,+421-580-775-113
1226,Jospeh,Dutra,Legal,+421-589-402-173
1227,Emmaline,Hartman,Inventory,+421-199-404-653
1228,Darell,Staab,Management,+421-537-860-776
1229,Janey,Pfeifer,Engineering,+421-441-764-240
1230,Allen,Montes,Business Development,+421-114-226-718
1231,Moriah,Corlett,Strategy - Planning,+421-576-760-899
1232,Keenan,Cranmer,Marketing,+421-302-353-603
1233,Ricarda,Kellam,Legal,+421-111-705-945
1234,Morgan,Dehaven,Marketing,+421-643-405-946
1235,Carlita,Inge,Administration,+421-287-941-546
1236,Edward,Manion,Strategy - Planning,+421-885-719-920
1237,Maribel,Dennie,Professional Services,+421-292-747-590
1238,Simon,Stoltenberg,Supply Chain,+421-506-225-834
1239,Rosette,Chery,Engineering,+421-944-324-960
1240,Nelson,Spradlin,Administration,+421-700-257-307
1241,Sau,Calderwood,Legal,+421-615-897-813
1242,Willis,Ransom,Training,+421-202-779-341
1243,Candi,Bainter,Product Management,+421-220-621-344
1244,Karl,Shane,Human Resources,+421-668-457-578
1245,Lashaun,Amundsen,Legal,+421-740-952-123
1246,Fermin,Wyman,Professional Services,+421-782-054-583
1247,Marylyn,Koonce,Strategy - Planning,+421-509-283-508
1248,Jimmie,Tremper,Product Management,+421-492-624-781
1249,Tish,Lacross,Support Services,+421-226-530-105
1250,Bryan,Fields,Administration,+421-599-107-837
