"empno","firstname","lastname","jobcode","orgnum"
"001","Alice","Anderson","B002","11000"
"002","Bob","Brown","O302","12000"
"003","Carol","Cooper","S101","11310"
"004","David","Davies","C112","19220"
"005","Erin","Evans","S106","11320"
"006","Frank","Fox","O301","12110"
"007","George","Green","O232","12310"
"008","Harry","Harris","O105","12200"
"009","Isabella","Irvine","S006","11100"
"010","Jack","Jones","S007","11200"
"011","Kate","Knowles","O221","12320"
"012","Lily","Lewis","B004","12000"
"013","Max","Morgan","B003","19000"
"014","Nathan","Newman","O211","12330"
"015","Oliver","Owen","C011","19100"
"016","Peter","Phillips","O231","12310"
"017","Quentin","Quinn","C121","19210"
"018","Roger","Russell","O222","12320"
"019","Sophia","Simpson","B001","10000"
"020","Thomas","Turner","S006","11200"
"021","Uma","Underhill","O201","12300"
"022","Violet","Vickers","O101","12200"
"023","William","Walker","C101","19200"
"024","Xenia","Xanadu","","11320"
"025","Yasmine","Young","C010","19100"
"026","Zed","Zimmerman","C111","19220"
